{"cameraMode":{"drawMode":0,"name":"Shaded","section":"Shading Mode"},"sceneLighting":false,"audioPlay":false,"sceneViewState":{"showFog":true,"showMaterialUpdate":false,"showSkybox":false,"showFlares":true,"showImageEffects":true,"showParticleSystems":true},"in2DMode":false,"pivot":{"x":0.0,"y":1.9098281860351563,"z":1.1920928955078126e-7},"rotation":{"x":0.007851537317037583,"y":0.9849386811256409,"z":-0.16643449664115907,"w":0.04643344134092331},"size":86.64041900634766,"orthographic":true}