{"cameraMode":{"drawMode":0,"name":"Shaded","section":"Shading Mode"},"sceneLighting":false,"audioPlay":false,"sceneViewState":{"showFog":true,"showMaterialUpdate":false,"showSkybox":false,"showFlares":true,"showImageEffects":true,"showParticleSystems":true},"in2DMode":false,"pivot":{"x":159.04885864257813,"y":-312.5478515625,"z":-59.45578384399414},"rotation":{"x":0.10591953992843628,"y":0.8937316536903381,"z":-0.3214987814426422,"w":0.2944960594177246},"size":1462.487548828125,"orthographic":false}