{"count":1,"self":25.458844799999998,"total":26.3578407,"children":{"AgentResetIfDone":{"count":1221,"self":0.0010069,"total":0.0010069,"children":null},"AgentSendState":{"count":1221,"self":0.0109427,"total":0.0901954,"children":{"CollectObservations":{"count":2053,"self":0.0792527,"total":0.0792527,"children":null}}},"DecideAction":{"count":1221,"self":0.7536357,"total":0.7536357,"children":null},"AcademyStep":{"count":1221,"self":0.0009847,"total":0.0009847,"children":null},"AgentAct":{"count":1221,"self":0.0531726,"total":0.0531726,"children":null}}}